T Armitage, Tom Armitage
HRJ Charlwood, Harry Charlwood
T Emmett, Tom Emmett
A Greenwood, Andrew Greenwood
A Hill, Allen Hill
H Jupp, Harry Jupp
James Lillywhite jnr, James Lillywhite (jnr)
J Selby, John Selby
A Shaw, Alfred Shaw
J Southerton, James Southerton
G Ulyett, George Ulyett
CA Absolom, Charlie Absolom
Lord Harris, Lord Harris
L Hone, Leland Hone
AN Hornby, Monkey Hornby
AP Lucas, Bunny Lucas
FA MacKinnon, Francis MacKinnon
VPFA Royle, The Revd Vernon Royle
SS Schultz, Sandford Schultz
AJ Webbe, Alexander Webbe
W Barnes, Billy Barnes
EM Grace, Edward Grace
GF Grace, Fred Grace
WG Grace, W.G. Grace
Hon.A Lyttelton, Alfred Lyttelton
F Morley, Fred Morley
F Penn, Frank Penn
AG Steel, Allan Steel
RG Barlow, Dick Barlow
W Bates, Billy Bates
WE Midwinter, Billy Midwinter
E Peate, Ted Peate
R Pilling, Dick Pilling
WH Scotton, William Scotton
A Shrewsbury snr, Arthur Shrewsbury
JM Read, Maurice Read
CT Studd, Charles Studd
Hon.IFW Bligh, Ivo Bligh
CFH Leslie, Charles Leslie
WW Read, Walter Read
GB Studd, George Studd
EFS Tylecote, Edmund Tylecote
GF Vernon, George Vernon
Sir TC O'Brien, Tim O'Brien
S Christopherson, Stanley Christopherson
W Attewell, William Attewell
J Briggs, Johnny Briggs
W Flowers, Wilf Flowers
J Hunter, Joe Hunter
R Peel, Bobby Peel
GA Lohmann, George Lohmann
W Gunn, Billy Gunn
M Sherwin, Mordecai Sherwin
R Wood, Reg Wood
W Newham, Billy Newham
AE Stoddart, Andrew Stoddart
R Abel, Bobby Abel
J Shuter, John Shuter
FH Sugg, Frank Sugg
H Wood, Henry Wood
MP Bowden, Monty Bowden
Hon.CJ Coventry, The Hon. Charles Coventry
AJ Fothergill, Arnold Fothergill
BAF Grieve, Basil Grieve
F Hearne, Frank Hearne
CA Smith, Aubrey Smith
JEP McMaster, Emile McMaster
G MacGregor, Gregor MacGregor
J Cranston, James Cranston
F Martin, Fred Martin
JW Sharpe, John Sharpe
G Bean, George Bean
VA Barton, Victor Barton
W Chatterton, William Chatterton
JJ Ferris, J.J. Ferris
A Hearne, Alec Hearne
GG Hearne, George Hearne
JT Hearne, Jack Hearne
WL Murdoch, Billy Murdoch
AD Pougher, Dick Pougher
H Philipson, Punch Philipson
Hon.FS Jackson, Stanley Jackson
WH Lockwood, Bill Lockwood
AW Mold, Arthur Mold
E Wainwright, Ted Wainwright
A Ward, Albert Ward
W Brockwell, Bill Brockwell
T Richardson, Tom Richardson
JT Brown, Jack Brown
FGJ Ford, Francis Ford
LH Gay, Leslie Gay
AC MacLaren, Archie MacLaren
HR Bromley-Davenport, Hugh Bromley-Davenport
HR Butt, Harry Butt
CB Fry, C.B. Fry
Lord Hawke, Lord Hawke
TW Hayward, Tom Hayward
AJL Hill, Arthur Hill
AM Miller, Audley Miller
SMJ Woods, Sammy Woods
CW Wright, Charles Wright
C Heseltine, Christopher Heseltine
EJ Tyler, Ted Tyler
AFA Lilley, Dick Lilley
KS Ranjitsinhji, Ranji
EG Wynyard, Teddy Wynyard
NF Druce, Frank Druce
GH Hirst, George Hirst
JR Mason, Jack Mason
W Storer, Bill Storer
JH Board, Jack Board
WR Cuttell, Willis Cuttell
S Haigh, Schofield Haigh
FW Milligan, Frank Milligan
F Mitchell, Frank Mitchell
AE Trott, Albert Trott
JT Tyldesley, Johnny Tyldesley
PF Warner, Pelham Warner
CEM Wilson, Clem Wilson
AG Archer, Alfred Archer
W Rhodes, Wilfred Rhodes
GL Jessop, Gilbert Jessop
W Mead, Walter Mead
CL Townsend, Charlie Townsend
WG Quaife, Willie Quaife
HI Young, Sailor Young
WM Bradley, Bill Bradley
AO Jones, Arthur Jones
SF Barnes, Sydney Barnes
C Blythe, Colin Blythe
LC Braund, Len Braund
JR Gunn, John Gunn
CP McGahey, Charlie McGahey
LCH Palairet, Lionel Palairet
FW Tate, Fred Tate
EG Arnold, Ted Arnold
BJT Bosanquet, Bernard Bosanquet
RE Foster, Tip Foster
AE Relf, Albert Relf
A Fielder, Arthur Fielder
AE Knight, Albert Knight
D Denton, Lucky Denton
A Warren, Arnold Warren
W Brearley, Walter Brearley
RH Spooner, Reggie Spooner
JN Crawford, Jack Crawford
FL Fane, Frederick Fane
EG Hayes, Ernie Hayes
WS Lees, Walter Lees
LJ Moon, Leonard Moon
JC Hartley, John Hartley
NA Knox, Neville Knox
G Gunn, George Gunn
J Hardstaff snr, Joe Hardstaff
KL Hutchings, Kenneth Hutchings
RA Young, Dick Young
JB Hobbs, Jack Hobbs
J Humphries, Joe Humphries
GJ Thompson, George Thompson
JH King, John King
J Sharp, Jack Sharp
DW Carr, Douglas Carr
FE Woolley, Frank Woolley
MC Bird, Morice Bird
CP Buckenham, Claude Buckenham
HDG Leveson Gower, Henry Leveson Gower
GHT Simpson-Hayward, George Simpson-Hayward
H Strudwick, Bert Strudwick
NC Tufnell, Neville Tufnell
JWHT Douglas, Johnny Douglas
FR Foster, Frank Foster
JW Hearne, 'Young Jack' Hearne
SP Kinneir, Sep Kinneir
CP Mead, Phil Mead
JW Hitch, Bill Hitch
EJ Smith, Tiger Smith
J Vine, Joseph Vine
H Dean, Harry Dean
MW Booth, Major Booth
Lord Tennyson, Lord Tennyson
EH Hendren, Patsy Hendren
CH Parkin, Ciss Parkin
CAG Russell, Jack Russell
A Waddington, Abe Waddington
H Howell, Harry Howell
JWH Makepeace, Harry Makepeace
PGH Fender, Percy Fender
A Dolphin, Arthur Dolphin
ER Wilson, Rockley Wilson
P Holmes, Percy Holmes
VWC Jupp, Vallance Jupp
DJ Knight, Donald Knight
TL Richmond, Tich Richmond
GE Tyldesley, Ernest Tyldesley
AE Dipper, Alfred Dipper
FJ Durston, Jack Durston
AJ Evans, John Evans
NE Haig, Nigel Haig
G Brown, George Brown
A Ducat, Andy Ducat
HTW Hardinge, Wally Hardinge
JC White, Jack White
C Hallows, Charlie Hallows
CWL Parker, Charlie Parker
A Sandham, Andy Sandham
AW Carr, Arthur Carr
AER Gilligan, Arthur Gilligan
AS Kennedy, Alex Kennedy
FT Mann, Frank Mann
GTS Stevens, Greville Stevens
GG Macaulay, George Macaulay
GB Street, George Street
APF Chapman, Percy Chapman
R Kilner, Roy Kilner
H Sutcliffe, Herbert Sutcliffe
MW Tate, Maurice Tate
GEC Wood, George Wood
RK Tyldesley, Dick Tyldesley
G Duckworth, George Duckworth
G Geary, George Geary
JCW MacBryan, Jack MacBryan
AP Freeman, Tich Freeman
WW Whysall, Dodger Whysall
CF Root, Fred Root
H Larwood, Harold Larwood
WE Astill, Ewart Astill
WR Hammond, Wally Hammond
GB Legge, Geoffrey Legge
IAR Peebles, Ian Peebles
RT Stanyforth, Rony Stanyforth
RES Wyatt, Bob Wyatt
SJ Staples, Sam Staples
EW Dawson, Eddie Dawson
Harry Elliott, Harry Elliott
DR Jardine, Douglas Jardine
H Smith, Harry Smith
M Leyland, Maurice Leyland
KS Duleepsinhji, Duleep
ET Killick, Tom Killick
J O'Connor, Jack O'Connor
RWV Robins, Walter Robins
EH Bowley, Ted Bowley
F Barratt, Fred Barratt
LEG Ames, Les Ames
EW Clark, Nobby Clark
MJC Allom, Maurice Allom
WL Cornford, Tich Cornford
AHH Gilligan, Harold Gilligan
MS Nichols, Stan Nichols
MJL Turnbull, Maurice Turnbull
TS Worthington, Stan Worthington
Hon.FSG Calthorpe, Freddie Calthorpe
W Voce, Bill Voce
LF Townsend, Leslie Townsend
GOB Allen, Gubby Allen
TWJ Goddard, Tom Goddard
W Farrimond, Bill Farrimond
HW Lee, Harry Lee
J Arnold, John Arnold
AH Bakewell, Fred Bakewell
FR Brown, Freddie Brown
H Verity, Hedley Verity
E Paynter, Eddie Paynter
WE Bowes, Bill Bowes
Nawab of Pataudi snr, Iftikhar Ali Khan Pataudi
TB Mitchell, Tommy Mitchell
CF Walters, Cyril Walters
James Langridge, James Langridge
CJ Barnett, Charlie Barnett
CS Marriott, Charles Marriott
A Mitchell, Arthur Mitchell
BH Valentine, Bryan Valentine
WHV Levett, Hopper Levett
K Farnes, Ken Farnes
JL Hopwood, Len Hopwood
WW Keeton, Walter Keeton
WE Hollies, Eric Hollies
ERT Holmes, Errol Holmes
J Iddon, Jack Iddon
GAE Paine, George Paine
CIJ Smith, Jim Smith
DCH Townsend, David Townsend
NS Mitchell-Innes, Mandy Mitchell-Innes
W Barber, Wilf Barber
J Hardstaff jnr, Joe Hardstaff
JM Sims, Jim Sims
D Smith, Denis Smith
JC Clay, Johnnie Clay
HD Read, Hopper Read
H Gimblett, Harold Gimblett
AE Fagg, Arthur Fagg
LB Fishlock, Laurie Fishlock
AR Gover, Alf Gover
L Hutton, Leonard Hutton
JH Parks, Jim Parks
AW Wellard, Arthur Wellard
DCS Compton, Denis Compton
ADG Matthews, Austin Matthews
C Washbrook, Cyril Washbrook
WJ Edrich, Bill Edrich
RA Sinfield, Reg Sinfield
DVP Wright, Doug Wright
WFF Price, Fred Price
A Wood, Arthur Wood
PA Gibb, Paul Gibb
LL Wilkinson, Len Wilkinson
NWD Yardley, Norman Yardley
RTD Perks, Reg Perks
WH Copson, Bill Copson
N Oldfield, Buddy Oldfield
AV Bedser, Alec Bedser
JT Ikin, Jack Ikin
TF Smailes, Frank Smailes
R Pollard, Dick Pollard
TG Evans, Godfrey Evans
TPB Smith, Peter Smith
C Cook, Sam Cook
HE Dollery, Tom Dollery
JW Martin, Jack Martin
GH Pope, George Pope
K Cranston, Ken Cranston
C Gladwin, Cliff Gladwin
HJ Butler, Harold Butler
JA Young, Jack Young
R Howorth, Dick Howorth
JDB Robertson, Jack Robertson
D Brookes, Dennis Brookes
JC Laker, Jim Laker
W Place, Winston Place
GA Smithson, Gerald Smithson
MF Tremlett, Maurice Tremlett
SC Griffith, Billy Griffith
JH Wardle, Johnny Wardle
A Coxon, Alec Coxon
JF Crapp, Jack Crapp
GM Emmett, George Emmett
JG Dewes, John Dewes
AJ Watkins, Allan Watkins
RO Jenkins, Roly Jenkins
FG Mann, George Mann
RT Simpson, Reg Simpson
TE Bailey, Trevor Bailey
A Wharton, Alan Wharton
DB Close, Brian Close
HL Jackson, Les Jackson
R Berry, Bob Berry
GHG Doggart, Hubert Doggart
WGA Parkhouse, Gilbert Parkhouse
DJ Insole, Doug Insole
D Shackleton, Derek Shackleton
MJ Hilton, Malcolm Hilton
AJW McIntyre, Arthur McIntyre
Rev.DS Sheppard, David Sheppard
JJ Warr, John Warr
R Tattersall, Roy Tattersall
JB Statham, Brian Statham
W Watson, Willie Watson
TW Graveney, Tom Graveney
DV Brennan, Don Brennan
FA Lowson, Frank Lowson
PBH May, Peter May
DB Carr, Donald Carr
ND Howard, Nigel Howard
D Kenyon, Don Kenyon
F Ridgway, Fred Ridgway
RT Spooner, Dick Spooner
E Leadbeater, Eddie Leadbeater
CJ Poole, Cyril Poole
FS Trueman, Fred Trueman
GAR Lock, Tony Lock
AE Moss, Alan Moss
CH Palmer, Charles Palmer
R Appleyard, Bob Appleyard
JE McConnon, Jim McConnon
JM Parks, Jim Parks
PJ Loader, Peter Loader
FH Tyson, Frank Tyson
KV Andrew, Keith Andrew
MC Cowdrey, Colin Cowdrey
KF Barrington, Ken Barrington
FJ Titmus, Fred Titmus
PE Richardson, Peter Richardson
ASM Oakman, Alan Oakman
DV Smith, Don Smith
DW Richardson, Dick Richardson
MJK Smith, Mike Smith
CA Milton, Arthur Milton
ER Dexter, Ted Dexter
R Illingworth, Ray Illingworth
R Subba Row, Raman Subba Row
R Swetman, Roy Swetman
JB Mortimore, John Mortimore
T Greenhough, Tommy Greenhough
MJ Horton, Martin Horton
K Taylor, Ken Taylor
G Pullar, Geoff Pullar
HJ Rhodes, Harold Rhodes
DA Allen, David Allen
RW Barber, Bob Barber
PM Walker, Peter Walker
DEV Padgett, Doug Padgett
JT Murray, John Murray
JA Flavell, Jack Flavell
A Brown, Alan Brown
WE Russell, Eric Russell
DW White, Butch White
DR Smith, David Smith
BR Knight, Barry Knight
G Millman, Geoff Millman
PH Parfitt, Peter Parfitt
LJ Coldwell, Len Coldwell
MJ Stewart, Micky Stewart
JDF Larter, David Larter
AC Smith, Alan Smith
JH Edrich, John Edrich
PJ Sharpe, Phil Sharpe
JB Bolus, Brian Bolus
D Wilson, Don Wilson
JG Binks, Jimmy Binks
IJ Jones, Jeff Jones
JSE Price, John Price
G Boycott, Geoff Boycott
N Gifford, Norman Gifford
TW Cartwright, Tom Cartwright
FE Rumsey, Fred Rumsey
NI Thomson, Ian Thomson
KE Palmer, Ken Palmer
JA Snow, John Snow
DJ Brown, David Brown
K Higgs, Ken Higgs
C Milburn, Colin Milburn
BL D'Oliveira, Basil D'Oliveira
DL Underwood, Derek Underwood
DL Amiss, Dennis Amiss
RNS Hobbs, Robin Hobbs
GG Arnold, Geoff Arnold
APE Knott, Alan Knott
PI Pocock, Pat Pocock
KWR Fletcher, Keith Fletcher
RM Prideaux, Roger Prideaux
RMH Cottam, Bob Cottam
JH Hampshire, John Hampshire
A Ward, Alan Ward
MH Denness, Mike Denness
BW Luckhurst, Brian Luckhurst
K Shuttleworth, Ken Shuttleworth
P Lever, Peter Lever
RGD Willis, Bob Willis
RW Taylor, Bob Taylor
RA Hutton, Richard Hutton
JA Jameson, John Jameson
AW Greig, Tony Greig
B Wood, Barry Wood
AR Lewis, Tony Lewis
CM Old, Chris Old
J Birkenshaw, Jack Birkenshaw
GRJ Roope, Graham Roope
FC Hayes, Frank Hayes
M Hendrick, Mike Hendrick
D Lloyd, David Lloyd
GA Gooch, Graham Gooch
DS Steele, David Steele
RA Woolmer, Bob Woolmer
PH Edmonds, Phil Edmonds
JM Brearley, Mike Brearley
MWW Selvey, Mike Selvey
JC Balderstone, Chris Balderstone
P Willey, Peter Willey
G Miller, Geoff Miller
GD Barlow, Graham Barlow
JK Lever, John Lever
DW Randall, Derek Randall
RW Tolchard, Roger Tolchard
IT Botham, Ian Botham
GA Cope, Geoff Cope
BC Rose, Brian Rose
MW Gatting, Mike Gatting
CT Radley, Clive Radley
DI Gower, David Gower
JE Emburey, John Emburey
DL Bairstow, David Bairstow
AR Butcher, Alan Butcher
GR Dilley, Graham Dilley
W Larkins, Wayne Larkins
GB Stevenson, Graham Stevenson
CJ Tavare, Chris Tavaré
CWJ Athey, Bill Athey
PR Downton, Paul Downton
RO Butcher, Roland Butcher
RD Jackman, Robin Jackman
PJW Allott, Paul Allott
PWG Parker, Paul Parker
G Cook, Geoff Cook
AJ Lamb, Allan Lamb
DR Pringle, Derek Pringle
IA Greig, Ian Greig
EE Hemmings, Eddie Hemmings
G Fowler, Graeme Fowler
VJ Marks, Vic Marks
NG Cowans, Norman Cowans
NGB Cook, Nick Cook
NA Foster, Neil Foster
CL Smith, Chris Smith
ACS Pigott, Tony Pigott
TA Lloyd, Andy Lloyd
BC Broad, Chris Broad
VP Terry, Paul Terry
JP Agnew, Jonathan Agnew
RM Ellison, Richard Ellison
CS Cowdrey, Chris Cowdrey
RT Robinson, Tim Robinson
A Sidebottom, Arnie Sidebottom
LB Taylor, Les Taylor
DM Smith, David Smith
JG Thomas, Greg Thomas
WN Slack, Wilf Slack
BN French, Bruce French
MR Benson, Mark Benson
NV Radford, Neal Radford
MD Moxon, Martyn Moxon
GC Small, Gladstone Small
PAJ DeFreitas, Phil DeFreitas
CJ Richards, Jack Richards
JJ Whitaker, James Whitaker
NH Fairbrother, Neil Fairbrother
DJ Capel, David Capel
PW Jarvis, Paul Jarvis
JH Childs, John Childs
TS Curtis, Tim Curtis
RA Smith, Robin Smith
RJ Bailey, Rob Bailey
MP Maynard, Matthew Maynard
KJ Barnett, Kim Barnett
DV Lawrence, David Lawrence
PJ Newport, Phil Newport
RC Russell, Jack Russell
ARC Fraser, Angus Fraser
MA Atherton, Mike Atherton
DE Malcolm, Devon Malcolm
AP Igglesden, Alan Igglesden
JP Stephenson, John Stephenson
N Hussain, Nasser Hussain
AJ Stewart, Alec Stewart
CC Lewis, Chris Lewis
JE Morris, John Morris
NF Williams, Neil Williams
PCR Tufnell, Phil Tufnell
GA Hick, Graeme Hick
MR Ramprakash, Mark Ramprakash
SL Watkin, Steve Watkin
RK Illingworth, Richard Illingworth
H Morris, Hugh Morris
DA Reeve, Dermot Reeve
IDK Salisbury, Ian Salisbury
TA Munton, Tim Munton
NA Mallender, Neil Mallender
JP Taylor, Paul Taylor
RJ Blakey, Richard Blakey
AR Caddick, Andy Caddick
PM Such, Peter Such
MC Ilott, Mark Ilott
MN Lathwell, Mark Lathwell
MJ McCague, Martin McCague
GP Thorpe, Graham Thorpe
MP Bicknell, Martin Bicknell
SJ Rhodes, Steve Rhodes
C White, Craig White
D Gough, Darren Gough
JP Crawley, John Crawley
JE Benjamin, Joey Benjamin
PJ Martin, Peter Martin
DG Cork, Dominic Cork
JER Gallian, Jason Gallian
NV Knight, Nick Knight
M Watkinson, Mike Watkinson
AP Wells, Alan Wells
RC Irani, Ronnie Irani
AD Mullally, Alan Mullally
MM Patel, Min Patel
MA Ealham, Mark Ealham
SJE Brown, Simon Brown
RDB Croft, Robert Croft
CEW Silverwood, Chris Silverwood
MA Butcher, Mark Butcher
DW Headley, Dean Headley
AM Smith, Mike Smith
AJ Hollioake, Adam Hollioake
BC Hollioake, Ben Hollioake
SP James, Steve James
AF Giles, Ashley Giles
A Flintoff, Andrew Flintoff
AJ Tudor, Alex Tudor
WK Hegg, Warren Hegg
A Habib, Aftab Habib
CMW Read, Chris Read
ESH Giddins, Ed Giddins
DL Maddy, Darren Maddy
CJ Adams, Chris Adams
GM Hamilton, Gavin Hamilton
MP Vaughan, Michael Vaughan
CP Schofield, Chris Schofield
MJ Hoggard, Matthew Hoggard
ME Trescothick, Marcus Trescothick
RJ Sidebottom, Ryan Sidebottom
IJ Ward, Ian Ward
U Afzaal, Usman Afzaal
J Ormond, Jimmy Ormond
RKJ Dawson, Richard Dawson
JS Foster, James Foster
SP Jones, Simon Jones
SJ Harmison, Steve Harmison
RWT Key, Rob Key
JM Anderson, James Anderson
A McGrath, Anthony McGrath
RL Johnson, Richard Johnson
RJ Kirtley, James Kirtley
ET Smith, Ed Smith
Kabir Ali, Kabir Ali
GJ Batty, Gareth Batty
R Clarke, Rikki Clarke
MJ Saggers, Martin Saggers
PD Collingwood, Paul Collingwood
GO Jones, Geraint Jones
AJ Strauss, Andrew Strauss
IR Bell, Ian Bell
KP Pietersen, Kevin Pietersen
SD Udal, Shaun Udal
LE Plunkett, Liam Plunkett
ID Blackwell, Ian Blackwell
AN Cook, Alastair Cook
MS Panesar, Monty Panesar
OA Shah, Owais Shah
SI Mahmood, Sajid Mahmood
J Lewis, Jon Lewis
MJ Prior, Matt Prior
CT Tremlett, Chris Tremlett
RS Bopara, Ravi Bopara
SCJ Broad, Stuart Broad
TR Ambrose, Tim Ambrose
DJ Pattinson, Darren Pattinson
GP Swann, Graeme Swann
A Khan, Amjad Khan
TT Bresnan, Tim Bresnan
G Onions, Graham Onions
IJL Trott, Jonathan Trott
MA Carberry, Michael Carberry
ST Finn, Steven Finn
JC Tredwell, James Tredwell
EJG Morgan, Eoin Morgan
A Shahzad, Ajmal Shahzad
SR Patel, Samit Patel
JM Bairstow, Jonny Bairstow
JWA Taylor, James Taylor
NRD Compton, Nick Compton
JE Root, Joe Root
SC Kerrigan, Simon Kerrigan
CR Woakes, Chris Woakes
BA Stokes, Ben Stokes
GS Ballance, Gary Ballance
SG Borthwick, Scott Borthwick
WB Rankin, Boyd Rankin
MM Ali, Moeen Ali
CJ Jordan, Chris Jordan
SD Robson, Sam Robson
JC Buttler, Jos Buttler
A Lyth, Adam Lyth
MA Wood, Mark Wood
AU Rashid, Adil Rashid
AD Hales, Alex Hales
JM Vince, James Vince
JT Ball, Jake Ball
BM Duckett, Ben Duckett
ZS Ansari, Zafar Ansari
H Hameed, Haseeb Hameed
KK Jennings, Keaton Jennings
LA Dawson, Liam Dawson
DJ Malan, Dawid Malan
TS Roland-Jones, Toby Roland-Jones
T Westley, Tom Westley
MD Stoneman, Mark Stoneman
C Overton, Craig Overton
TK Curran, Tom Curran
MS Crane, Mason Crane
MJ Leach, Jack Leach
DM Bess, Dom Bess
SM Curran, Sam Curran
OJ Pope, Ollie Pope
RJ Burns, Rory Burns
BT Foakes, Ben Foakes
JL Denly, Joe Denly
JJ Roy, Jason Roy
OP Stone, Olly Stone
JC Archer, Jofra Archer
DP Sibley, Dom Sibley
Z Crawley, Zak Crawley
DW Lawrence, Dan Lawrence
C Bannerman, Charles Bannerman
JM Blackham, Jack Blackham
BB Cooper, Bransby Cooper
TW Garrett, Tom Garrett
DW Gregory, Dave Gregory
EJ Gregory, Ned Gregory
JR Hodges, John Hodges
TP Horan, Tom Horan
TK Kendall, Tom Kendall
WE Midwinter, Billy Midwinter
NFD Thomson, Nat Thomson
TJD Kelly, Thomas Kelly
WL Murdoch, Billy Murdoch
FR Spofforth, Frederick Spofforth
FE Allan, Frank Allan
AC Bannerman, Alec Bannerman
HF Boyle, Harry Boyle
G Alexander, George Alexander
GJ Bonnor, George Bonnor
TU Groube, Tom Groube
PS McDonnell, Percy McDonnell
WH Moule, William Moule
GE Palmer, Joey Palmer
J Slight, Jim Slight
WH Cooper, William Cooper
E Evans, Edwin Evans
G Giffen, George Giffen
HH Massie, Hugh Massie
G Coulthard, George Coulthard
SP Jones, Sammy Jones
HJH Scott, Tup Scott
W Bruce, William Bruce
AH Jarvis, Affie Jarvis
AP Marr, Alfred Marr
S Morris, Sam Morris
HA Musgrove, Harry Musgrove
RJ Pope, Roland Pope
WR Robertson, Digger Robertson
JW Trumble, John Trumble
J Worrall, Jack Worrall
PG McShane, George McShane
FH Walters, Frank Walters
J McIlwraith, John McIlwraith
JJ Ferris, J.J. Ferris
H Moses, Harry Moses
CTB Turner, Charlie Turner
RC Allen, Reginald Allen
FJ Burton, Fred Burton
JT Cottam, John Cottam
WF Giffen, Walter Giffen
JJ Lyons, John Lyons
JD Edwards, Jack Edwards
GHS Trott, Harry Trott
SMJ Woods, Sammy Woods
JE Barrett, Jack Barrett
EJK Burn, Kenny Burn
PC Charlton, Percie Charlton
SE Gregory, Syd Gregory
H Trumble, Hugh Trumble
ST Callaway, Sydney Callaway
H Donnan, Harry Donnan
RW McLeod, Bob McLeod
H Graham, Harry Graham
J Darling, Joe Darling
FA Iredale, Frank Iredale
E Jones, Ernie Jones
CE McLeod, Charlie McLeod
JC Reedman, John Reedman
A Coningham, Arthur Coningham
J Harry, John Harry
AE Trott, Albert Trott
TR McKibbin, Tom McKibbin
CJ Eady, Charles Eady
C Hill, Clem Hill
JJ Kelly, James Kelly
MA Noble, Monty Noble
WP Howell, Bill Howell
FJ Laver, Frank Laver
VT Trumper, Victor Trumper
WW Armstrong, Warwick Armstrong
RA Duff, Reggie Duff
AJY Hopkins, Bert Hopkins
JV Saunders, Jack Saunders
JPF Travers, Ike Travers
A Cotter, Tibby Cotter
PA McAlister, Peter McAlister
DRA Gehrs, Algy Gehrs
H Carter, Sammy Carter
GR Hazlitt, Gerry Hazlitt
CG Macartney, Charles Macartney
VS Ransford, Vernon Ransford
MJ Hartigan, Roger Hartigan
JDA O'Connor, Jack O'Connor
W Bardsley, Warren Bardsley
WJ Whitty, Bill Whitty
C Kelleway, Charles Kelleway
HV Hordern, Ranji Hordern
RB Minnett, Roy Minnett
TJ Matthews, Jimmy Matthews
JW McLaren, John McLaren
W Carkeek, Barlow Carkeek
SH Emery, Sid Emery
CB Jennings, Claude Jennings
DBM Smith, Dave Smith
ER Mayne, Ernie Mayne
HL Collins, Herbie Collins
JM Gregory, Jack Gregory
AA Mailey, Arthur Mailey
WAS Oldfield, Bert Oldfield
CE Pellew, Nip Pellew
J Ryder, Jack Ryder
JM Taylor, Johnny Taylor
RL Park, Roy Park
EA McDonald, Ted McDonald
TJE Andrews, Tommy Andrews
HSTL Hendry, Stork Hendry
WH Ponsford, Bill Ponsford
AJ Richardson, Arthur Richardson
VY Richardson, Vic Richardson
AEV Hartkopf, Albert Hartkopf
CV Grimmett, Clarrie Grimmett
AF Kippax, Alan Kippax
WM Woodfull, Bill Woodfull
DG Bradman, Donald Bradman
H Ironmonger, Bert Ironmonger
DD Blackie, Don Blackie
OE Nothling, Otto Nothling
EL a'Beckett, Ted a'Beckett
RK Oxenham, Ron Oxenham
A Jackson, Archie Jackson
AG Fairfax, Alan Fairfax
PM Hornibrook, Percy Hornibrook
TW Wall, Tim Wall
SJ McCabe, Stan McCabe
A Hurwood, Alec Hurwood
KE Rigg, Keith Rigg
HC Nitschke, Jack Nitschke
PK Lee, Perker Lee
WA Hunt, Bill Hunt
WJ O'Reilly, Bill O'Reilly
HM Thurlow, Pud Thurlow
JHW Fingleton, Jack Fingleton
LJ Nash, Laurie Nash
LE Nagel, Lisle Nagel
LPJ O'Brien, Leo O'Brien
EH Bromley, Ernie Bromley
LS Darling, Len Darling
HSB Love, Hammy Love
HH Alexander, Harry Alexander
WA Brown, Bill Brown
AG Chipperfield, Arthur Chipperfield
HI Ebeling, Hans Ebeling
LO Fleetwood-Smith, Chuck Fleetwood-Smith
EL McCormick, Ernie McCormick
CL Badcock, Jack Badcock
RH Robinson, Ray Robinson
MW Sievers, Morris Sievers
FA Ward, Frank Ward
RG Gregory, Ross Gregory
BA Barnett, Ben Barnett
AL Hassett, Lindsay Hassett
MG Waite, Mervyn Waite
SG Barnes, Sid Barnes
IWG Johnson, Ian Johnson
RR Lindwall, Ray Lindwall
CL McCool, Colin McCool
KD Meuleman, Ken Meuleman
KR Miller, Keith Miller
D Tallon, Don Tallon
ERH Toshack, Ernie Toshack
AR Morris, Arthur Morris
GE Tribe, George Tribe
FAW Freer, Fred Freer
B Dooland, Bruce Dooland
MR Harvey, Merv Harvey
RA Hamence, Ron Hamence
WA Johnston, Bill Johnston
RN Harvey, Neil Harvey
LJ Johnson, Len Johnson
SJE Loxton, Sam Loxton
DT Ring, Doug Ring
RA Saggers, Ron Saggers
J Moroney, Jack Moroney
G Noblet, Geff Noblet
JB Iverson, Jack Iverson
KA Archer, Ken Archer
JW Burke, Jim Burke
GB Hole, Graeme Hole
GRA Langley, Gil Langley
R Benaud, Richie Benaud
CC McDonald, Colin McDonald
GR Thoms, George Thoms
RG Archer, Ron Archer
ID Craig, Ian Craig
AK Davidson, Alan Davidson
JC Hill, Jack Hill
JH de Courcy, Jim de Courcy
LE Favell, Les Favell
LV Maddocks, Len Maddocks
PJP Burge, Peter Burge
WJ Watson, Bill Watson
WPA Crawford, Pat Crawford
KD Mackay, Ken Mackay
JW Rutherford, John Rutherford
JW Wilson, Jack Wilson
ATW Grout, Wally Grout
LF Kline, Lindsay Kline
I Meckiff, Ian Meckiff
RB Simpson, Bob Simpson
RA Gaunt, Ron Gaunt
NCL O'Neill, Norm O'Neill
KN Slater, Keith Slater
GF Rorke, Gordon Rorke
GB Stevens, Gavin Stevens
BN Jarman, Barry Jarman
JW Martin, Johnny Martin
FM Misson, Frank Misson
DE Hoare, Des Hoare
WM Lawry, Bill Lawry
GD McKenzie, Graham McKenzie
BC Booth, Brian Booth
CEJ Guest, Colin Guest
BK Shepherd, Barry Shepherd
NJN Hawke, Neil Hawke
AN Connolly, Alan Connolly
TR Veivers, Tom Veivers
IR Redpath, Ian Redpath
GE Corling, Grahame Corling
RM Cowper, Bob Cowper
RHD Sellers, Rex Sellers
IM Chappell, Ian Chappell
DJ Sincock, David Sincock
LC Mayne, Laurie Mayne
PI Philpott, Peter Philpott
G Thomas, Grahame Thomas
PJ Allan, Peter Allan
KD Walters, Doug Walters
KR Stackpole, Keith Stackpole
DA Renneberg, David Renneberg
HB Taber, Brian Taber
GD Watson, Graeme Watson
JW Gleeson, John Gleeson
AP Sheahan, Paul Sheahan
EW Freeman, Eric Freeman
LR Joslin, Les Joslin
RJ Inverarity, John Inverarity
AA Mallett, Ashley Mallett
TJ Jenner, Terry Jenner
RW Marsh, Rod Marsh
AL Thomson, Alan Thomson
GS Chappell, Greg Chappell
JRF Duncan, Ross Duncan
KJ O'Keeffe, Kerry O'Keeffe
DK Lillee, Dennis Lillee
AR Dell, Tony Dell
KH Eastwood, Ken Eastwood
DJ Colley, David Colley
BC Francis, Bruce Francis
R Edwards, Ross Edwards
RAL Massie, Bob Massie
J Benaud, John Benaud
JR Thomson, Jeff Thomson
MHN Walker, Max Walker
JR Watkins, John Watkins
JR Hammond, Jeff Hammond
IC Davis, Ian Davis
GJ Gilmour, Gary Gilmour
G Dymock, Geoff Dymock
AG Hurst, Alan Hurst
AJ Woodcock, Ashley Woodcock
WJ Edwards, Wally Edwards
RB McCosker, Rick McCosker
A Turner, Alan Turner
GJ Cosier, Gary Cosier
GN Yallop, Graham Yallop
DW Hookes, David Hookes
LS Pascoe, Len Pascoe
RD Robinson, Richie Robinson
CS Serjeant, Craig Serjeant
RJ Bright, Ray Bright
KJ Hughes, Kim Hughes
MF Malone, Mick Malone
WM Clark, Wayne Clark
PA Hibbert, Paul Hibbert
AL Mann, Tony Mann
AD Ogilvie, David Ogilvie
SJ Rixon, Steve Rixon
PM Toohey, Peter Toohey
J Dyson, John Dyson
JB Gannon, Sam Gannon
IW Callen, Ian Callen
WM Darling, Rick Darling
GM Wood, Graeme Wood
B Yardley, Bruce Yardley
JD Higgs, Jim Higgs
TJ Laughlin, Trevor Laughlin
RM Hogg, Rodney Hogg
JA Maclean, John Maclean
AR Border, Allan Border
PH Carlson, Phil Carlson
KJ Wright, Kevin Wright
AMJ Hilditch, Andrew Hilditch
PR Sleep, Peter Sleep
DF Whatmore, Dav Whatmore
JK Moss, Jeff Moss
BM Laird, Bruce Laird
JM Wiener, Julien Wiener
GR Beard, Graeme Beard
GF Lawson, Geoff Lawson
TM Alderman, Terry Alderman
TM Chappell, Trevor Chappell
MF Kent, Martin Kent
MR Whitney, Mike Whitney
DM Wellham, Dirk Wellham
GM Ritchie, Greg Ritchie
CG Rackemann, Carl Rackemann
KC Wessels, Kepler Wessels
TG Hogan, Tom Hogan
RD Woolley, Roger Woolley
WB Phillips, Wayne Phillips
JN Maguire, John Maguire
GRJ Matthews, Greg Matthews
SB Smith, Steve Smith
DM Jones, Dean Jones
DC Boon, David Boon
RG Holland, Bob Holland
MJ Bennett, Murray Bennett
CJ McDermott, Craig McDermott
SP O'Donnell, Simon O'Donnell
DR Gilbert, Dave Gilbert
RB Kerr, Robbie Kerr
MG Hughes, Merv Hughes
GR Marsh, Geoff Marsh
BA Reid, Bruce Reid
SR Waugh, Steve Waugh
SP Davis, Simon Davis
TJ Zoehrer, Tim Zoehrer
CD Matthews, Chris Matthews
GC Dyer, Greg Dyer
PL Taylor, Peter Taylor
MRJ Veletta, Mike Veletta
TBA May, Tim May
AIC Dodemaide, Tony Dodemaide
IA Healy, Ian Healy
TV Hohns, Trevor Hohns
MA Taylor, Mark Taylor
GD Campbell, Greg Campbell
TM Moody, Tom Moody
ME Waugh, Mark Waugh
SK Warne, Shane Warne
WN Phillips, Wayne Phillips
PR Reiffel, Paul Reiffel
DR Martyn, Damien Martyn
JL Langer, Justin Langer
J Angel, Jo Angel
BP Julian, Brendon Julian
MJ Slater, Michael Slater
GD McGrath, Glenn McGrath
ML Hayden, Matthew Hayden
MG Bevan, Michael Bevan
DW Fleming, Damien Fleming
PA Emery, Phil Emery
GS Blewett, Greg Blewett
PE McIntyre, Peter McIntyre
SG Law, Stuart Law
RT Ponting, Ricky Ponting
GB Hogg, Brad Hogg
MTG Elliott, Matthew Elliott
MS Kasprowicz, Michael Kasprowicz
JN Gillespie, Jason Gillespie
AJ Bichel, Andy Bichel
S Young, Shaun Young
SH Cook, Simon Cook
SCG MacGill, Stuart MacGill
GR Robertson, Gavin Robertson
P Wilson, Paul Wilson
AC Dale, Adam Dale
DS Lehmann, Darren Lehmann
CR Miller, Colin Miller
MJ Nicholson, Matthew Nicholson
AC Gilchrist, Adam Gilchrist
SA Muller, Scott Muller
B Lee, Brett Lee
SM Katich, Simon Katich
ML Love, Martin Love
BA Williams, Brad Williams
NW Bracken, Nathan Bracken
A Symonds, Andrew Symonds
MJ Clarke, Michael Clarke
NM Hauritz, Nathan Hauritz
SR Watson, Shane Watson
SW Tait, Shaun Tait
MEK Hussey, Michael Hussey
BJ Hodge, Brad Hodge
PA Jaques, Phil Jaques
SR Clark, Stuart Clark
DJ Cullen, Dan Cullen
MG Johnson, Mitchell Johnson
CJL Rogers, Chris Rogers
BJ Haddin, Brad Haddin
B Casson, Beau Casson
CL White, Cameron White
PM Siddle, Peter Siddle
JJ Krejza, Jason Krejza
DE Bollinger, Doug Bollinger
AB McDonald, Andrew McDonald
BW Hilfenhaus, Ben Hilfenhaus
PJ Hughes, Phillip Hughes
MJ North, Marcus North
BE McGain, Bryce McGain
GA Manou, Graham Manou
CJ McKay, Clint McKay
RJ Harris, Ryan Harris
TD Paine, Tim Paine
SPD Smith, Steven Smith
PR George, Peter George
XJ Doherty, Xavier Doherty
MA Beer, Michael Beer
UT Khawaja, Usman Khawaja
TA Copeland, Trent Copeland
NM Lyon, Nathan Lyon
SE Marsh, Shaun Marsh
PJ Cummins, Pat Cummins
JL Pattinson, James Pattinson
MA Starc, Mitchell Starc
DA Warner, David Warner
EJM Cowan, Ed Cowan
MS Wade, Matthew Wade
RJ Quiney, Rob Quiney
JW Hastings, John Hastings
JM Bird, Jackson Bird
MC Henriques, Moises Henriques
GJ Maxwell, Glenn Maxwell
AC Agar, Ashton Agar
JP Faulkner, James Faulkner
GJ Bailey, George Bailey
AJ Doolan, Alex Doolan
MR Marsh, Mitchell Marsh
SNJ O'Keefe, Steve O'Keefe
JR Hazlewood, Josh Hazlewood
JA Burns, Joe Burns
AC Voges, Adam Voges
PM Nevill, Peter Nevill
JM Holland, Jon Holland
CJ Ferguson, Callum Ferguson
JM Mennie, Joe Mennie
PSP Handscomb, Peter Handscomb
NJ Maddinson, Nic Maddinson
MT Renshaw, Matt Renshaw
HWR Cartwright, Hilton Cartwright
CT Bancroft, Cameron Bancroft
CJ Sayers, Chadd Sayers
AJ Finch, Aaron Finch
TM Head, Travis Head
M Labuschagne, Marnus Labuschagne
MS Harris, Marcus Harris
KR Patterson, Kurtis Patterson
JA Richardson, Jhye Richardson
C Green, Cameron Green
WJ Pucovski, Will Pucovski
OR Dunell, Owen Dunell
CE Finlason, Charlie Finlason
P Hutchinson, Philip Hutchinson
GA Kempis, Gus Kempis
WH Milton, William Milton
AE Ochse, Arthur Ochse
A Rose-Innes, Albert Rose-Innes
FW Smith, Fred Smith
RB Stewart, Robert Stewart
AB Tancred, Bernard Tancred
CH Vintcent, Charles Vintcent
WH Ashley, Gobo Ashley
WHM Richards, Dicky Richards
NHCD Theunissen, Nicolaas Theunissen
G Cripps, Godfrey Cripps
JF du Toit, Flooi du Toit
CG Fichardt, Charles Fichardt
EA Halliwell, Barberton Halliwell
F Hearne, Frank Hearne
CH Mills, Charles Mills
DC Parkin, Dante Parkin
TW Routledge, Tommy Routledge
CS Wimble, Clarence Wimble
FJ Cook, Frederick Cook
RA Gleeson, Robert Gleeson
CFW Hime, Charles Hime
J Middleton, Bonnor Middleton
RM Poore, Robert Poore
JH Sinclair, Jimmy Sinclair
JT Willoughby, Joseph Willoughby
WHB Frank, Billy Frank
CL Johnson, Clement Johnson
CB Llewellyn, Charlie Llewellyn
GA Rowe, George Rowe
GH Shepstone, George Shepstone
GK Glover, George Glover
AR Richards, Alfred Richards
AW Seccull, Arthur Seccull
M Bisset, Murray Bisset
RR Dower, Robert Dower
HH Francis, Howard Francis
R Graham, Robert Graham
WRT Solomon, William Solomon
VM Tancred, Vincent Tancred
F Kuys, Frederick Kuys
AW Powell, Albert Powell
CFH Prince, Charles Prince
WA Shalders, William Shalders
CMH Hathorn, Maitland Hathorn
AW Nourse, Dave Nourse
CJE Smith, Charlie Smith
HM Taberer, Henry Taberer
LJ Tancred, Louis Tancred
G Thornton, George Thornton
JH Anderson, Biddy Anderson
JJ Kotze, Johannes Kotze
PS Twentyman-Jones, Percy Twentyman-Jones
GA Faulkner, Aubrey Faulkner
RO Schwarz, Reggie Schwarz
PW Sherwell, Percy Sherwell
SJ Snooke, Tip Snooke
AEE Vogler, Bert Vogler
GC White, Gordon White
SD Snooke, Stanley Snooke
T Campbell, Tom Campbell
JMM Commaille, Mick Commaille
LA Stricker, Louis Stricker
JW Zulch, Billy Zulch
CE Floquet, Claude Floquet
SJ Pegler, Sid Pegler
NO Norton, Pompey Norton
SV Samuelson, Sivert Samuelson
COC Pearse, Ormy Pearse
R Beaumont, Rolland Beaumont
GPD Hartigan, Gerald Hartigan
F Mitchell, Frank Mitchell
HW Taylor, Herbie Taylor
TA Ward, Tommy Ward
CP Carter, Claude Carter
HV Baumgartner, Harold Baumgartner
JM Blanckenberg, Jimmy Blanckenberg
AHC Cooper, Alfred Cooper
JL Cox, Joe Cox
PAM Hands, Philip Hands
PT Lewis, Plum Lewis
GL Tapscott, Dusty Tapscott
C Newberry, Claude Newberry
CD Dixon, Cec Dixon
LR Tuckett, Len Tuckett
HW Chapman, Horace Chapman
FL le Roux, Fred le Roux
D Taylor, Dan Taylor
RHM Hands, Reginald Hands
EB Lundie, Bill Lundie
CN Frank, Charlie Frank
WVS Ling, William Ling
WFE Marx, Eric Marx
EP Nupen, Buster Nupen
NV Lindsay, Neville Lindsay
N Reid, Norman Reid
WH Brann, William Brann
ID Buys, Izak Buys
RH Catterall, Bob Catterall
CM Francois, Cyril Francois
GAL Hearne, George Hearne
AE Hall, Alf Hall
DJ Meintjes, Doug Meintjes
LE Tapscott, Doodles Tapscott
DP Conyngham, Conky Conyngham
HG Deane, Nummy Deane
GM Parker, George Parker
MJ Susskind, Fred Susskind
HB Cameron, Jock Cameron
SK Coen, Shunter Coen
JP Duminy, Jacobus Duminy
DPB Morkel, Denys Morkel
HLE Promnitz, Henry Promnitz
CL Vincent, Cyril Vincent
GF Bissett, George Finlay-Bissett
AW Palm, Archibald Palm
JFW Nicolson, John Nicolson
AL Ochse, Arthur Ochse
IJ Siedle, Jack Siedle
JAJ Christy, Jim Christy
B Mitchell, Bruce Mitchell
HGO Owen-Smith, Tuppy Owen-Smith
NA Quinn, Neville Quinn
AJ Bell, Sandy Bell
EL Dalton, Eric Dalton
Q McMillan, Quintin McMillan
EA van der Merwe, Edward van der Merwe
XC Balaskas, Xen Balaskas
SH Curnow, Syd Curnow
ES Newson, Bob Newson
KG Viljoen, Ken Viljoen
JAK Cochran, John Cochran
LS Brown, Lennox Brown
RJ Crisp, Bob Crisp
ACB Langton, Chud Langton
AD Nourse, Dudley Nourse
EAB Rowan, Eric Rowan
DS Tomlinson, Denis Tomlinson
HF Wade, Herby Wade
F Nicholson, Nipper Nicholson
JB Robertson, Jack Robertson
EG Bock, Ernest Bock
AW Briscoe, Dooley Briscoe
EQ Davies, Eric Davies
RL Harvey, Robert Harvey
GE Bond, Gerald Bond
N Gordon, Norman Gordon
A Melville, Alan Melville
PGV van der Bijl, Pieter van der Bijl
WW Wade, Billy Wade
RE Grieveson, Ronnie Grieveson
OC Dawson, Ossie Dawson
TA Harris, Tony Harris
JD Lindsay, Johnny Lindsay
NBF Mann, Tufty Mann
AMB Rowan, Athol Rowan
VI Smith, Ian Smith
L Tuckett, Lindsay Tuckett
DV Dyer, Dennis Dyer
JB Plimsoll, Jack Plimsoll
GM Fullerton, George Fullerton
DW Begbie, Denis Begbie
CN McCarthy, Cuan McCarthy
OE Wynne, Owen Wynne
MA Hanley, Martin Hanley
LA Markham, Fish Markham
JE Cheetham, Jack Cheetham
JD Nel, Jack Nel
HJ Tayfield, Hugh Tayfield
JC Watkins, John Watkins
RG Draper, Ronald Draper
MG Melle, Michael Melle
PL Winslow, Paul Winslow
GWA Chubb, Geoff Chubb
DJ McGlew, Jackie McGlew
CB van Ryneveld, Clive van Ryneveld
JHB Waite, John Waite
RA McLean, Roy McLean
PNF Mansell, Percy Mansell
WR Endean, Russell Endean
KJ Funston, Ken Funston
ARA Murray, Anton Murray
ERH Fuller, Eddie Fuller
HJ Keith, Headley Keith
NAT Adcock, Neil Adcock
DEJ Ironside, David Ironside
RJ Westcott, Dick Westcott
TL Goddard, Trevor Goddard
PS Heine, Peter Heine
AI Taylor, Scotch Taylor
AJ Pithey, Tony Pithey
CAR Duckworth, Chris Duckworth
CGD Burger, Chris Burger
PR Carlstein, Peter Carlstein
JP Fellows-Smith, Pom Pom Fellows-Smith
GM Griffin, Geoff Griffin
S O'Linn, Sid O'Linn
C Wesley, Tich Wesley
JE Pothecary, Jim Pothecary
AH McKinnon, Atholl McKinnon
EJ Barlow, Eddie Barlow
KC Bland, Colin Bland
HD Bromfield, Harry Bromfield
MK Elgie, Kim Elgie
GB Lawrence, Goofy Lawrence
PM Pollock, Peter Pollock
KA Walter, Kenneth Walter
SF Burke, Sydney Burke
WS Farrer, Buster Farrer
HR Lance, Tiger Lance
DT Lindsay, Denis Lindsay
JT Partridge, Joe Partridge
DB Pithey, David Pithey
RG Pollock, Graeme Pollock
MA Seymour, Kelly Seymour
PL van der Merwe, Peter van der Merwe
CG Halse, Clive Halse
GD Varnals, Derek Varnals
GG Hall, Glen Hall
MJ Macaulay, Mike Macaulay
A Bacher, Ali Bacher
JT Botten, Jackie Botten
R Dumbrill, Richard Dumbrill
MJ Procter, Mike Procter
PHJ Trimborn, Pat Trimborn
JH du Preez, Jackie du Preez
GA Chevalier, Grahame Chevalier
D Gamsy, Dennis Gamsy
BL Irvine, Lee Irvine
BA Richards, Barry Richards
AJ Traicos, John Traicos
T Bosch, Tertius Bosch
WJ Cronje, Hansie Cronje
AA Donald, Allan Donald
AC Hudson, Andrew Hudson
PN Kirsten, Peter Kirsten
AP Kuiper, Adrian Kuiper
MW Pringle, Meyrick Pringle
DJ Richardson, David Richardson
MW Rushmere, Mark Rushmere
RP Snell, Richard Snell
KC Wessels, Kepler Wessels
SJ Cook, Jimmy Cook
O Henry, Omar Henry
BM McMillan, Brian McMillan
JN Rhodes, Jonty Rhodes
BN Schultz, Brett Schultz
CR Matthews, Craig Matthews
DJ Cullinan, Daryll Cullinan
CE Eksteen, Clive Eksteen
PL Symcox, Pat Symcox
PS de Villiers, Fanie de Villiers
G Kirsten, Gary Kirsten
JB Commins, John Commins
SD Jack, Steven Jack
PJR Steyn, Rudi Steyn
SM Pollock, Shaun Pollock
JH Kallis, Jacques Kallis
PR Adams, Paul Adams
HH Gibbs, Herschelle Gibbs
L Klusener, Lance Klusener
AM Bacher, Adam Bacher
MV Boucher, Mark Boucher
HD Ackerman, HD Ackerman
M Ntini, Makhaya Ntini
GFJ Liebenberg, Gerhardus Liebenberg
S Elworthy, Steve Elworthy
DJ Terbrugge, David Terbrugge
HH Dippenaar, Boeta Dippenaar
M Hayward, Nantie Hayward
PC Strydom, Pieter Strydom
N Boje, Nicky Boje
ND McKenzie, Neil McKenzie
M Ngam, Mfuneko Ngam
JM Kemp, Justin Kemp
CW Henderson, Claude Henderson
A Nel, Andre Nel
JL Ontong, Justin Ontong
AG Prince, Ashwell Prince
AJ Hall, Andrew Hall
D Pretorius, Dewald Pretorius
GC Smith, Graeme Smith
M van Jaarsveld, Martin van Jaarsveld
AC Dawson, Alan Dawson
JA Rudolph, Jacques Rudolph
CM Willoughby, Charl Willoughby
RJ Peterson, Robin Peterson
M Zondeki, Monde Zondeki
Z de Bruyn, Zander de Bruyn
TL Tsolekile, Thami Tsolekile
HM Amla, Hashim Amla
AB de Villiers, AB de Villiers
DW Steyn, Dale Steyn
CK Langeveldt, Charl Langeveldt
J Botha, Johan Botha
M Morkel, Morne Morkel
PL Harris, Paul Harris
JP Duminy, Jean-Paul Duminy
I Khan, Imraan Khan
JA Morkel, Albie Morkel
F de Wet, Friedel de Wet
R McLaren, Ryan McLaren
WD Parnell, Wayne Parnell
AN Petersen, Alviro Petersen
LL Tsotsobe, Lonwabo Tsotsobe
Imran Tahir, Imran Tahir
VD Philander, Vernon Philander
M de Lange, Marchant de Lange
RK Kleinveldt, Rory Kleinveldt
F du Plessis, Faf du Plessis
D Elgar, Dean Elgar
KJ Abbott, Kyle Abbott
Q de Kock, Quinton de Kock
DL Piedt, Dane Piedt
S van Zyl, Stiaan van Zyl
T Bavuma, Temba Bavuma
SR Harmer, Simon Harmer
DJ Vilas, Dane Vilas
K Rabada, Kagiso Rabada
CH Morris, Chris Morris
GC Viljoen, Hardus Viljoen
SC Cook, Stephen Cook
KA Maharaj, Keshav Maharaj
T Shamsi, Tabraiz Shamsi
D Olivier, Duanne Olivier
TB de Bruyn, Theunis de Bruyn
HG Kuhn, Heino Kuhn
AK Markram, Aiden Markram
AL Phehlukwayo, Andile Phehlukwayo
L Ngidi, Lungi Ngidi
Zubayr Hamza, Zubayr Hamza
PWA Mulder, Wiaan Mulder
S Muthusamy, Senuran Muthusamy
A Nortje, Anrich Nortje
H Klaasen, Heinrich Klaasen
GF Linde, George Linde
D Pretorius, Dwaine Pretorius
HE van der Dussen, Rassie van der Dussen
PJ Malan, Pieter Malan
D Paterson, Dane Paterson
BE Hendricks, Beuran Hendricks
L Sipamla, Lutho Sipamla
CR Browne, Snuffy Browne
G Challenor, George Challenor
LN Constantine, Baron Constantine
MP Fernandes, Maurice Fernandes
GN Francis, George Francis
HC Griffith, Herman Griffith
FR Martin, Freddie Martin
RK Nunes, Karl Nunes
CA Roach, Clifford Roach
JA Small, Joe Small
WH St Hill, Wilton St Hill
ELG Hoad, Teddy Hoad
OC Scott, Tommy Scott
EL Bartlett, Barto Bartlett
CV Wight, Vibart Wight
FI de Caires, Frank de Caires
GA Headley, George Headley
EAC Hunte, Errol Hunte
JED Sealy, Derek Sealy
EL St Hill, Edwin St Hill
LA Walcott, Leslie Walcott
EE Achong, Puss Achong
N Betancourt, Nelson Betancourt
MG Grell, Mervyn Grell
CEL Jones, Charles Jones
IM Barrow, Ivan Barrow
OC da Costa, Oscar Da Costa
G Gladstone, George Gladstone
CC Passailaigue, Charles Passailaigue
LS Birkett, Lionel Birkett
GC Grant, Jackie Grant
EA Martindale, Manny Martindale
CA Merry, Cyril Merry
VA Valentine, Vincent Valentine
CA Wiles, Archie Wiles
BJ Sealey, Ben Sealey
GM Carew, George Carew
CM Christiani, Cyril Christiani
RS Grant, Rolph Grant
LG Hylton, Leslie Hylton
JM Neblett, James Neblett
KL Wishart, Ken Wishart
RL Fuller, Dickie Fuller
GH Mudie, George Mudie
JH Cameron, John Cameron
CB Clarke, Bertie Clarke
JB Stollmeyer, Jeffrey Stollmeyer
KH Weekes, Bam Bam Weekes
GE Gomez, Gerry Gomez
EAV Williams, Foffie Williams
TF Johnson, Tyrell Johnson
VH Stollmeyer, Vic Stollmeyer
RJ Christiani, Robert Christiani
W Ferguson, Wilf Ferguson
BBM Gaskin, Berkeley Gaskin
JDC Goddard, John Goddard
PEW Jones, Prior Jones
CL Walcott, Clyde Walcott
ED Weekes, Everton Weekes
AG Ganteaume, Andy Ganteaume
FMM Worrell, Frank Worrell
LR Pierre, Lance Pierre
J Trim, John Trim
HHH Johnson, Hines Johnson
ESM Kentish, Esmond Kentish
KR Rickards, Kenneth Rickards
DS Atkinson, Denis Atkinson
FJ Cameron, Jimmy Cameron
AF Rae, Allan Rae
S Ramadhin, Sonny Ramadhin
AL Valentine, Alf Valentine
RE Marshall, Roy Marshall
SC Guillen, Sammy Guillen
AP Binns, Alfie Binns
FM King, Frank King
BH Pairaudeau, Bruce Pairaudeau
RA Legall, Ralph Legall
RC Miller, Roy Miller
GL Wight, Leslie Wight
AHP Scott, Alfred Scott
MC Frederick, Michael Frederick
JKC Holt, John Holt
CA McWatt, Clifford McWatt
GS Sobers, Garry Sobers
GL Gibbs, Glendon Gibbs
OG Smith, Collie Smith
LS Butler, Bunny Butler
CC Depeiaza, Clairmonte Depeiaza
NE Marshall, Norman Marshall
DT Dewdney, Tom Dewdney
HA Furlonge, Hammond Furlonge
AT Roberts, Alphonso Roberts
R Gilchrist, Roy Gilchrist
RB Kanhai, Rohan Kanhai
NS Asgarali, Nyron Asgarali
FCM Alexander, Gerry Alexander
ES Atkinson, Eric Atkinson
CC Hunte, Conrad Hunte
LR Gibbs, Lance Gibbs
EDAS McMorris, Easton McMorris
IS Madray, Ivan Madray
JO Taylor, Jaswick Taylor
BF Butcher, Basil Butcher
WW Hall, Wes Hall
JS Solomon, Joe Solomon
MR Bynoe, Robin Bynoe
RO Scarlett, Reg Scarlett
CD Watson, Chester Watson
CK Singh, Charran Singh
SM Nurse, Seymour Nurse
CC Griffith, Charlie Griffith
PD Lashley, Peter Lashley
CW Smith, Cammie Smith
JL Hendriks, Jackie Hendriks
SC Stayers, Charlie Stayers
IL Mendonca, Ivor Mendonca
WV Rodriguez, Willie Rodriguez
DW Allan, David Allan
LA King, Lester King
MC Carew, Joey Carew
DL Murray, Deryck Murray
AW White, Tony White
BA Davis, Bryan Davis
DAJ Holford, David Holford
CH Lloyd, Clive Lloyd
GS Camacho, Steve Camacho
CA Davis, Charlie Davis
RM Edwards, Prof Edwards
RC Fredericks, Roy Fredericks
MLC Foster, Maurice Foster
VA Holder, Vanburn Holder
JN Shepherd, John Shepherd
TM Findlay, Mike Findlay
GC Shillingford, Grayson Shillingford
AG Barrett, Arthur Barrett
JM Noreiga, Jack Noreiga
KD Boyce, Keith Boyce
DM Lewis, Desmond Lewis
Inshan Ali, Inshan Ali
UG Dowe, Uton Dowe
LG Rowe, Lawrence Rowe
GA Greenidge, Geoff Greenidge
AB Howard, Tony Howard
AI Kallicharran, Alvin Kallicharran
RR Jumadeen, Raphick Jumadeen
ET Willett, Elquemedo Willett
RGA Headley, Ron Headley
BD Julien, Bernard Julien
AME Roberts, Andy Roberts
CG Greenidge, Gordon Greenidge
IVA Richards, Viv Richards
L Baichan, Len Baichan
MA Holding, Michael Holding
Imtiaz Ali, Imtiaz Ali
AL Padmore, Albert Padmore
WW Daniel, Wayne Daniel
HA Gomes, Larry Gomes
CL King, Collis King
CEH Croft, Colin Croft
J Garner, Joel Garner
IT Shillingford, Irvine Shillingford
RA Austin, Richard Austin
DL Haynes, Desmond Haynes
DR Parry, Derick Parry
ST Clarke, Sylvester Clarke
AE Greenidge, Alvin Greenidge
DA Murray, David Murray
N Phillip, Norbert Phillip
S Shivnarine, Sew Shivnarine
AB Williams, Basil Williams
SFAF Bacchus, Faoud Bacchus
MD Marshall, Malcolm Marshall
HS Chang, Herbert Chang
R Nanan, Rangy Nanan
EH Mattis, Everton Mattis
PJL Dujon, Jeff Dujon
AL Logie, Gus Logie
WW Davis, Winston Davis
EAE Baptiste, Eldine Baptiste
RB Richardson, Richie Richardson
RA Harper, Roger Harper
MA Small, Milton Small
CA Walsh, Courtney Walsh
CG Butts, Clyde Butts
CA Best, Carlisle Best
BP Patterson, Patrick Patterson
TRO Payne, Thelston Payne
AH Gray, Tony Gray
WKM Benjamin, Winston Benjamin
CL Hooper, Carl Hooper
PV Simmons, Phil Simmons
CEL Ambrose, Curtly Ambrose
KLT Arthurton, Keith Arthurton
IR Bishop, Ian Bishop
EA Moseley, Ezra Moseley
BC Lara, Brian Lara
IBA Allen, Ian Allen
CB Lambert, Clayton Lambert
JC Adams, Jimmy Adams
KCG Benjamin, Kenny Benjamin
D Williams, David Williams
JR Murray, Junior Murray
AC Cummins, Anderson Cummins
S Chanderpaul, Shivnarine Chanderpaul
SC Williams, Stuart Williams
CE Cuffy, Cameron Cuffy
R Dhanraj, Rajindra Dhanraj
SL Campbell, Sherwin Campbell
CO Browne, Courtney Browne
OD Gibson, Ottis Gibson
RG Samuels, Robert Samuels
PIC Thompson, Patterson Thompson
AFG Griffith, Adrian Griffith
RIC Holder, Roland Holder
FA Rose, Franklyn Rose
M Dillon, Mervyn Dillon
FL Reifer, Floyd Reifer
RN Lewis, Rawl Lewis
PA Wallace, Philo Wallace
NAM McLean, Nixon McLean
D Ramnarine, Dinanath Ramnarine
RD Jacobs, Ridley Jacobs
D Ganga, Daren Ganga
RD King, Reon King
PT Collins, Pedro Collins
DRE Joseph, Dave Joseph
S Ragoonath, Suruj Ragoonath
NO Perry, Nehemiah Perry
LA Roberts, Lincoln Roberts
CD Collymore, Corey Collymore
RL Powell, Ricardo Powell
CH Gayle, Chris Gayle
WW Hinds, Wavell Hinds
RR Sarwan, Ramnaresh Sarwan
MV Nagamootoo, Mahendra Nagamootoo
MI Black, Marlon Black
MN Samuels, Marlon Samuels
CEL Stuart, Colin Stuart
NC McGarrell, Neil McGarrell
LV Garrick, Leon Garrick
RO Hinds, Ryan Hinds
A Sanford, Adam Sanford
DBL Powell, Daren Powell
GR Breese, Gareth Breese
JJC Lawson, Jermaine Lawson
VC Drakes, Vasbert Drakes
DS Smith, Devon Smith
CS Baugh, Carlton Baugh
DE Bernard, David Bernard
OAC Banks, Omari Banks
TL Best, Tino Best
JE Taylor, Jerome Taylor
FH Edwards, Fidel Edwards
D Mohammed, Dave Mohammed
DR Smith, Dwayne Smith
DJ Bravo, Dwayne Bravo
SC Joseph, Sylvester Joseph
N Deonarine, Narsingh Deonarine
DJ Pagon, Donovan Pagon
DM Washington, Dwight Washington
XM Marshall, Xavier Marshall
RS Morton, Runako Morton
D Ramdin, Denesh Ramdin
RR Ramdass, Ryan Ramdass
IDR Bradshaw, Ian Bradshaw
DJG Sammy, Daren Sammy
BA Parchment, Brenton Parchment
SJ Benn, Sulieman Benn
S Chattergoon, Sewnarine Chattergoon
AS Jaggernauth, Amit Jaggernauth
LS Baker, Lionel Baker
BP Nash, Brendan Nash
LMP Simmons, Lendl Simmons
RA Austin, Ryan Austin
TM Dowlin, Travis Dowlin
NO Miller, Nikita Miller
OJ Phillips, Omar Phillips
DM Richards, Dale Richards
KAJ Roach, Kemar Roach
CAK Walton, Chadwick Walton
AB Barath, Adrian Barath
R Rampaul, Ravi Rampaul
GC Tonge, Gavin Tonge
NT Pascal, Nelon Pascal
S Shillingford, Shane Shillingford
BJ Bess, Brandon Bess
DM Bravo, Darren Bravo
AD Russell, Andre Russell
D Bishoo, Devendra Bishoo
KC Brathwaite, Kraigg Brathwaite
KA Edwards, Kirk Edwards
KOA Powell, Kieran Powell
ST Gabriel, Shannon Gabriel
AB Fudadin, Site under maintenance
FT Badcock, Ted Badcock
RC Blunt, Roger Blunt
CS Dempster, Stewie Dempster
GR Dickinson, George Dickinson
H Foley, Henry Foley
M Henderson, Matt Henderson
KC James, Ken James
TC Lowry, Tom Lowry
WE Merritt, Bill Merritt
ML Page, Curly Page
AW Roberts, Alby Roberts
EG McLeod, Eddie McLeod
JE Mills, Jackie Mills
GL Weir, 'Dad' Weir
CFW Allcott, Cyril Allcott
HM McGirr, Herb McGirr
AM Matheson, Mal Matheson
IB Cromb, Ian Cromb
JL Kerr, Jack Kerr
HG Vivian, Giff Vivian
DC Cleverley, Don Cleverley
J Newman, Jack Newman
DL Freeman, Doug Freeman
HD Smith, Dennis Smith
PE Whitelaw, Paul Whitelaw
JA Dunning, Jack Dunning
J Cowie, Jack Cowie
MP Donnelly, Martin Donnelly
WA Hadlee, Walter Hadlee
DAR Moloney, Sonny Moloney
EWT Tindill, Eric Tindill
WM Wallace, Merv Wallace
N Gallichan, Norman Gallichan
WM Anderson, Mac Anderson
C Burke, Ces Burke
LA Butterfield, Len Butterfield
DAN McRae, Don McRae
CG Rowe, Gordon Rowe
VJ Scott, Verdun Scott
TB Burtt, Tom Burtt
RH Scott, Roy Scott
FB Smith, Brun Smith
CA Snedden, Colin Snedden
B Sutcliffe, Bert Sutcliffe
DD Taylor, Don Taylor
HB Cave, Harry Cave
FLH Mooney, Frank Mooney
GO Rabone, Geoff Rabone
JR Reid, John Reid
GF Cresswell, Fen Cresswell
JA Hayes, Johnny Hayes
AR MacGibbon, Tony MacGibbon
AM Moir, Alex Moir
DD Beard, Don Beard
RWG Emery, Ray Emery
JG Leggat, Gordon Leggat
RW Blair, Bob Blair
FE Fisher, Eric Fisher
EM Meuli, Ted Meuli
LSM Miller, Site under maintenance
L Amar Singh, Amar Singh
SHM Colah, Sorabji Colah
M Jahangir Khan, Jahangir Khan
Lall Singh, Lall Singh
Naoomal Jaoomal, Naoomal Jeoomal
JG Navle, Janardan Navle
CK Nayudu, C.K.Nayudu
S Nazir Ali, Nazir Ali
M Nissar, Mohammad Nissar
PE Palia, Phiroze Palia
S Wazir Ali, Syed Wazir Ali
L Amarnath, Lala Amarnath
LP Jai, Laxmidas Jai
RJD Jamshedji, Rustomji Jamshedji
VM Merchant, Vijay Merchant
L Ramji, Ladha Ramji
Dilawar Hussain, Dilawar Hussain
MJ Gopalan, Morappakam Gopalan
S Mushtaq Ali, Mushtaq Ali
CS Nayudu, C.S. Nayudu
Yuvraj of Patiala, Yuvraj of Patiala
DD Hindlekar, Dattaram Hindlekar
Vizianagram, Maharajah of Vizianagram
KR Meherhomji, Khershed Meherhomji
C Ramaswami, Cotar Ramaswami
M Baqa Jilani, Baqa Jilani
Gul Mohammad, Gul Mohammad
VS Hazare, Vijay Hazare
AH Kardar, Abdul Kardar
MH Mankad, Vinoo Mankad
RS Modi, Rusi Modi
Nawab of Pataudi snr, Iftikhar Ali Khan Pataudi
SG Shinde, Sadu Shinde
CT Sarwate, Chandu Sarwate
SW Sohoni, Ranga Sohoni
HR Adhikari, Hemu Adhikari
JK Irani, Jenni Irani
G Kishenchand, Gogumal Kishenchand
KM Rangnekar, Khandu Rangnekar
Amir Elahi, Amir Elahi
DG Phadkar, Dattu Phadkar
K Rai Singh, Kanwar Rai Singh
PK Sen, Khokhan Sen
CR Rangachari, Commandur Rangachari
KC Ibrahim, KC Ibrahim
KK Tarapore, Keki Tarapore
PR Umrigar, Polly Umrigar
SA Banerjee, Mantu Banerjee
Ghulam Ahmed, Ghulam Ahmed
NR Chowdhury, Nirode Chowdhury
MR Rege, Madhusudan Rege
SN Banerjee, Shute Banerjee
PG Joshi, Nana Joshi
P Roy, Pankaj Roy
CD Gopinath, Coimbatarao Gopinath
MK Mantri, M.K.Mantri
RV Divecha, Ramesh Divecha
SP Gupte, Subhash Gupte
VL Manjrekar, Vijay Manjrekar
DK Gaekwad, Datta Gaekwad
GS Ramchand, Gulabrai Ramchand
HG Gaekwad, Hiralal Gaekwad
S Nyalchand, Shah Nyalchand
ML Apte, Madhav Apte
HT Dani, Bal Dani
V Rajindernath, Vijay Rajindernath
ES Maka, Ebrahim Maka
RH Shodhan, Deepak Shodhan
CV Gadkari, Chandrasekhar Gadkari
JM Ghorpade, Jayasinghrao Ghorpade
PH Punjabi, Pananmal Punjabi
NS Tamhane, Naren Tamhane
P Bhandari, Prakash Bhandari
JM Patel, Jasubhai Patel
AG Kripal Singh, AG Kripal Singh
VN Swamy, Narain Swamy
NJ Contractor, Nari Contractor
VL Mehra, Vijay Mehra
SR Patil, Sadashiv Patil
RG Nadkarni, Bapu Nadkarni
GR Sunderam, Gundibail Sunderam
CT Patankar, Chandrakant Patankar
CG Borde, Chandu Borde
GM Guard, Ghulam Guard
MS Hardikar, Manohar Hardikar
VB Ranjane, Vasant Ranjane
RB Kenny, Ramnath Kenny
Surendra Nath, Surendra Nath
AK Sengupta, AK Sengupta
RB Desai, Ramakant Desai
ML Jaisimha, Motganhalli Jaisimha
AL Apte, Arvind Apte
AA Baig, Abbas Ali Baig
VM Muddiah, Venatappa Muddiah
SA Durani, Salim Durani
BK Kunderan, Budhi Kunderan
AG Milkha Singh, AG Milkha Singh
MM Sood, Man Sood
RF Surti, Rusi Surti
BP Gupte, Baloo Gupte
VV Kumar, Vaman Kumar
FM Engineer, Farokh Engineer
DN Sardesai, Dilip Sardesai
MAK Pataudi, Mansur Ali Khan Pataudi
EAS Prasanna, Erapalli Prasanna
BS Chandrasekhar, Bhagwath Chandrasekhar
Rajinder Pal, Rajinder Pal
Hanumant Singh, Hanumant Singh
KS Indrajitsinhji, Prince Indrajitsinhji
S Venkataraghavan, Srinivas Venkataraghavan
V Subramanya, Venkataraman Subramanya
AL Wadekar, Ajit Wadekar
BS Bedi, Bishan Bedi
S Guha, Subrata Guha
RC Saxena, Ramesh Saxena
S Abid Ali, Syed Abid Ali
UN Kulkarni, Umesh Kulkarni
CPS Chauhan, Chetan Chauhan
AV Mankad, Ashok Mankad
AM Pai, Ajit Pai
AK Roy, Ambar Roy
A Gandotra, Ashok Gandotra
ED Solkar, Eknath Solkar
GR Viswanath, Gundappa Viswanath
M Amarnath, Mohinder Amarnath
HK Jayantilal, Kenia Jayantilal
P Krishnamurthy, Pochiah Krishnamurthy
SM Gavaskar, Sunil Gavaskar
RD Parkar, Ramnath Parkar
S Madan Lal, Madan Lal
BP Patel, Brijesh Patel
SS Naik, Sudhir Naik
HS Kanitkar, Hemant Kanitkar
PH Sharma, Parthasarthi Sharma
AD Gaekwad, Anshuman Gaekwad
KD Ghavri, Karsan Ghavri
S Amarnath, Surinder Amarnath
SMH Kirmani, Syed Kirmani
DB Vengsarkar, Dilip Vengsarkar
Yajurvindra Singh, Yajurvindra Singh
N Kapil Dev, Kapil Dev
MV Narasimha Rao, Bobjee Narasimha Rao
DD Parsana, Dhiraj Parsana
B Reddy, Bharath Reddy
Yashpal Sharma, Yashpal Sharma
DR Doshi, Dilip Doshi
NS Yadav, Shivlal Yadav
RMH Binny, Roger Binny
SM Patil, Sandeep Patil
KBJ Azad, Kirti Azad
RJ Shastri, Ravi Shastri
B Yograj Singh, Yograj Singh
TE Srinivasan, Tirumalai Srinivasan
K Srikkanth, Kris Srikkanth
AO Malhotra, Ashok Malhotra
P Roy, Pranab Roy
GAHM Parkar, Ghulam Parkar
SV Nayak, Suru Nayak
J Arun Lal, Arun Lal
RC Shukla, Rakesh Shukla
Maninder Singh, Maninder Singh
BS Sandhu, Balwinder Sandhu
TAP Sekhar, Thirumalai Sekhar
L Sivaramakrishnan, Laxman Sivaramakrishnan
AR Bhat, Raghuram Bhat
NS Sidhu, Navjot Sidhu
C Sharma, Chetan Sharma
M Prabhakar, Manoj Prabhakar
M Azharuddin, Mohammad Azharuddin
G Sharma, Gopal Sharma
LS Rajput, Lalchand Rajput
S Viswanath, Sadanand Viswanath
KS More, Kiran More
CS Pandit, Chandrakant Pandit
RR Kulkarni, Raju Kulkarni
B Arun, Bharat Arun
R Lamba, Raman Lamba
Arshad Ayub, Arshad Ayub
SV Manjrekar, Sanjay Manjrekar
ND Hirwani, Narendra Hirwani
WV Raman, Woorkeri Raman
AK Sharma, Ajay Sharma
RGM Patel, Rashid Patel
SK Sharma, Sanjeev Sharma
M Venkataramana, Margashayam Venkataramana
SA Ankola, Salil Ankola
SR Tendulkar, Sachin Tendulkar
V Razdan, Vivek Razdan
SLV Raju, Venkatapathy Raju
AS Wassan, Atul Wassan
Gursharan Singh, Gursharan Singh
A Kumble, Anil Kumble
J Srinath, Javagal Srinath
ST Banerjee, Subroto Banerjee
PK Amre, Pravin Amre
A Jadeja, Ajay Jadeja
RK Chauhan, Rajesh Chauhan
VG Kambli, Vinod Kambli
V Yadav, Vijay Yadav
NR Mongia, Nayan Mongia
AR Kapoor, Aashish Kapoor
SB Joshi, Sunil Joshi
PL Mhambrey, Paras Mhambrey
BKV Prasad, Venkatesh Prasad
V Rathour, Vikram Rathour
R Dravid, Rahul Dravid
SC Ganguly, Sourav Ganguly
DJ Johnson, David Johnson
VVS Laxman, VVS Laxman
D Ganesh, Dodda Ganesh
A Kuruvilla, Abey Kuruvilla
NM Kulkarni, Nilesh Kulkarni
DS Mohanty, Debasis Mohanty
Harvinder Singh, Harvinder Singh
Harbhajan Singh, Harbhajan Singh
AB Agarkar, Ajit Agarkar
RR Singh, Robin Singh
R Singh, Robin Singh
S Ramesh, Sadagoppan Ramesh
A Nehra, Ashish Nehra
DJ Gandhi, Devang Gandhi
MSK Prasad, Mannava Prasad
R Vijay Bharadwaj, Vijay Bharadwaj
HH Kanitkar, Hrishikesh Kanitkar
W Jaffer, Wasim Jaffer
M Kartik, Murali Kartik
N Chopra, Nikhil Chopra
M Kaif, Mohammad Kaif
SS Das, Shiv Sunder Das
SS Karim, Saba Karim
Z Khan, Zaheer Khan
V Dahiya, Vijay Dahiya
Sarandeep Singh, Sarandeep Singh
RL Sanghvi, Rahul Sanghvi
SV Bahutule, Sairaj Bahutule
SS Dighe, Sameer Dighe
HK Badani, Hemang Badani
D Dasgupta, Deep Dasgupta
V Sehwag, Virender Sehwag
SB Bangar, Sanjay Bangar
IR Siddiqui, Iqbal Siddiqui
T Yohannan, Tinu Yohannan
A Ratra, Ajay Ratra
PA Patel, Parthiv Patel
L Balaji, Lakshmipathy Balaji
A Chopra, Aakash Chopra
Yuvraj Singh, Yuvraj Singh
IK Pathan, Irfan Pathan
G Gambhir, Gautam Gambhir
KD Karthik, Dinesh Karthik
MS Dhoni, MS Dhoni
RP Singh, RP Singh
S Sreesanth, Sreesanth
PP Chawla, Piyush Chawla
MM Patel, Munaf Patel
VRV Singh, Vikram Singh
RR Powar, Ramesh Powar
I Sharma, Ishant Sharma
A Mishra, Amit Mishra
M Vijay, Murali Vijay
PP Ojha, Pragyan Ojha
S Badrinath, S Badrinath
WP Saha, Wriddhiman Saha
A Mithun, Abhimanyu Mithun
SK Raina, Suresh Raina
CA Pujara, Cheteshwar Pujara
JD Unadkat, Jaydev Unadkat
V Kohli, Virat Kohli
P Kumar, Praveen Kumar
A Mukund, Abhinav Mukund
R Ashwin, Ravichandran Ashwin
UT Yadav, Umesh Yadav
VR Aaron, Varun Aaron
R Vinay Kumar, Vinay Kumar
RA Jadeja, Ravindra Jadeja
B Kumar, Bhuvneshwar Kumar
S Dhawan, Shikhar Dhawan
AM Rahane, Ajinkya Rahane
Mohammed Shami, Mohammed Shami
RG Sharma, Rohit Sharma
STR Binny, Stuart Binny
Pankaj Singh, Pankaj Singh
KV Sharma, Karn Sharma
KL Rahul, KL Rahul
NV Ojha, Naman Ojha
J Yadav, Jayant Yadav
KK Nair, Karun Nair
Kuldeep Yadav, Kuldeep Yadav
HH Pandya, Hardik Pandya
JJ Bumrah, Jasprit Bumrah
RR Pant, Rishabh Pant
GH Vihari, Hanuma Vihari
PP Shaw, Prithvi Shaw
SN Thakur, Shardul Thakur
MA Agarwal, Mayank Agarwal
S Nadeem, Shahbaz Nadeem
Mohammed Siraj, Mohammed Siraj
Shubman Gill, Shubman Gill
NA Saini, Navdeep Saini
T Natarajan, T Natarajan
Washington Sundar, Washington Sundar
AR Patel, Axar Patel
Amir Elahi, Amir Elahi
Anwar Hussain, Anwar Hussain
Fazal Mahmood, Fazal Mahmood
Hanif Mohammad, Hanif Mohammad
Imtiaz Ahmed, Imtiaz Ahmed
Israr Ali, Israr Ali
AH Kardar, Abdul Kardar
Khan Mohammad, Khan Mohammad
Maqsood Ahmed, Maqsood Ahmed
Nazar Mohammad, Nazar Mohammad
Waqar Hasan, Waqar Hasan
Mahmood Hussain, Mahmood Hussain
Zulfiqar Ahmed, Zulfiqar Ahmed
Wazir Mohammad, Wazir Mohammad
Alimuddin, Alimuddin
Khalid Wazir, Khalid Wazir
Shujauddin, Shujauddin
MEZ Ghazali, Ebbu Ghazali
Khalid Hasan, Khalid Hasan
Mohammad Aslam, Aslam Khokhar
Miran Bakhsh, Miran Bakhsh
Agha Saadat Ali, Agha Saadat Ali
W Mathias, Wallis Mathias
Gul Mohammad, Gul Mohammad
Haseeb Ahsan, Haseeb Ahsan
Nasim-ul-Ghani, Nasim-ul-Ghani
Saeed Ahmed, Saeed Ahmed
SF Rehman, Fazal-ur-Rehman
A D'Souza, Antao D'Souza
Ijaz Butt, Ijaz Butt
Mushtaq Mohammad, Mushtaq Mohammad
DA Sharpe, Duncan Sharpe
Mohammad Munaf, Mohammad Munaf
Intikhab Alam, Intikhab Alam
Munir Malik, Munir Malik
Javed Burki, Javed Burki
Mohammad Farooq, Mohammad Farooq
Afaq Hussain, Afaq Hussain
Javed Akhtar, Javed Akhtar
Shahid Mahmood, Shahid Mahmood
Abdul Kadir, Abdul Kadir
Asif Iqbal, Asif Iqbal
Khalid Ibadulla, Billy Ibadulla
Majid Khan, Majid Khan
Pervez Sajjad, Pervez Sajjad
Shafqat Rana, Shafqat Rana
Arif Butt, Arif Butt
Farooq Hamid, Farooq Hamid
Mohammad Ilyas, Mohammad Ilyas
Naushad Ali, Naushad Ali
Mufasir-ul-Haq, Mufasir-ul-Haq
Salahuddin, Salahuddin
Saleem Altaf, Saleem Altaf
Wasim Bari, Wasim Bari
Niaz Ahmed, Niaz Ahmed
Ghulam Abbas, Ghulam Abbas
Aftab Gul, Aftab Gul
Asif Masood, Asif Masood
Sarfraz Nawaz, Sarfraz Nawaz
Mohammad Nazir, Mohammad Nazir
Sadiq Mohammad, Sadiq Mohammad
Younis Ahmed, Younis Ahmed
Zaheer Abbas, Zaheer Abbas
Aftab Baloch, Aftab Baloch
Imran Khan, Imran Khan
Talat Ali, Talat Ali
Wasim Raja, Wasim Raja
Shafiq Ahmed, Shafiq Ahmed
Agha Zahid, Agha Zahid
Liaqat Ali, Liaqat Ali
Javed Miandad, Javed Miandad
Farrukh Zaman, Farrukh Zaman
Shahid Israr, Shahid Israr
Sikander Bakht, Sikander Bakht
Iqbal Qasim, Iqbal Qasim
Mudassar Nazar, Mudassar Nazar
Haroon Rasheed, Haroon Rasheed
Abdul Qadir, Abdul Qadir
Mohsin Khan, Mohsin Khan
Anwar Khan, Anwar Khan
Ehteshamuddin, Ehteshamuddin
Taslim Arif, Taslim Arif
Tauseef Ahmed, Tauseef Ahmed
Azhar Khan, Azhar Khan
Azmat Rana, Azmat Rana
Mansoor Akhtar, Mansoor Akhtar
Ijaz Faqih, Ijaz Faqih
Rizwan-uz-Zaman, Rizwan-uz-Zaman
Rashid Khan, Rashid Khan
Saleem Malik, Saleem Malik
Saleem Yousuf, Saleem Yousuf
Tahir Naqqash, Tahir Naqqash
Ashraf Ali, Ashraf Ali
Jalal-ud-Din, Jalal-ud-Din
Azeem Hafeez, Azeem Hafeez
Qasim Umar, Qasim Umar
Shoaib Mohammad, Shoaib Mohammad
Anil Dalpat, Anil Dalpat
Ramiz Raja, Ramiz Raja
Mohsin Kamal, Mohsin Kamal
Manzoor Elahi, Manzoor Elahi
Wasim Akram, Wasim Akram
Zulqarnain, Zulqarnain
Zakir Khan, Zakir Khan
Asif Mujtaba, Asif Mujtaba
Saleem Jaffar, Saleem Jaffar
Ijaz Ahmed, Ijaz Ahmed
Aamer Malik, Error
ALF de Mel, Ashantha de Mel
DS de Silva, Somachandra De Silva
GRA de Silva, Ajit de Silva
RL Dias, Roy Dias
HM Goonatilleke, Mahes Goonatilleke
LWS Kaluperuma, Lalith Kaluperuma
RS Madugalle, Ranjan Madugalle
LRD Mendis, Duleep Mendis
A Ranatunga, Arjuna Ranatunga
B Warnapura, Bandula Warnapura
S Wettimuny, Sidath Wettimuny
JR Ratnayeke, Ravi Ratnayeke
AN Ranasinghe, Anura Ranasinghe
RSA Jayasekera, Rohan Jayasekera
RGCE Wijesuriya, Roger Wijesuriya
RG de Alwis, Guy de Alwis
ERNS Fernando, Susil Fernando
Y Goonasekera, Yohan Goonasekera
S Jeganathan, Sridharan Jeganathan
VB John, Vinothen John
RJ Ratnayake, Rumesh Ratnayake
MD Wettimuny, Mithra Wettimuny
SAR Silva, Amal Silva
RPW Guneratne, Roshan Guneratne
AMJG Amerasinghe, Jayantha Amerasinghe
SMS Kaluperuma, Sanath Kaluperuma
PA de Silva, Aravinda de Silva
FS Ahangama, Saliya Ahangama
EAR de Silva, Asoka de Silva
CDUS Weerasinghe, Sanjeewa Weerasinghe
BR Jurangpathy, Roshan Jurangpathy
AP Gurusinha, Asanka Gurusinha
KPJ Warnaweera, Jayananda Warnaweera
SD Anurasiri, Don Anurasiri
AK Kuruppuarachchi, Kosala Kuruppuarachchi
RS Mahanama, Roshan Mahanama
KN Amalean, Kaushik Amalean
GF Labrooy, Graeme Labrooy
DSBP Kuruppu, Brendon Kuruppu
CPH Ramanayake, Champaka Ramanayake
MAWR Madurasinghe, Ranjith Madurasinghe
MAR Samarasekera, Athula Samarasekera
D Ranatunga, Dammika Ranatunga
AGD Wickremasinghe, Gamini Wickremasinghe
HP Tillakaratne, Hashan Tillakaratne
MS Atapattu, Marvan Atapattu
CP Senanayake, Charith Senanayake
UC Hathurusingha, Chandika Hathurusingha
ST Jayasuriya, Sanath Jayasuriya
KIW Wijegunawardene, Kapila Wijegunawardene
GP Wickramasinghe, Pramodya Wickramasinghe
RS Kaluwitharana, Romesh Kaluwitharana
DK Liyanage, Dulip Liyanage
M Muralitharan, Muttiah Muralitharan
AM de Silva, Ashley de Silva
RS Kalpage, Ruwan Kalpage
PB Dassanayake, Pubudu Dassanayake
PK Wijetunge, Piyal Wijetunge
HDPK Dharmasena, Kumar Dharmasena
DP Samaraweera, Dulip Samaraweera
KR Pushpakumara, Ravindra Pushpakumara
S Ranatunga, Sanjeeva Ranatunga
WPUJC Vaas, Chaminda Vaas
CI Dunusinghe, Chamara Dunusinghe
KJ Silva, Jayantha Silva
DNT Zoysa, Nuwan Zoysa
KSC de Silva, Sajeewa de Silva
RP Arnold, Russel Arnold
DPMD Jayawardene, Mahela Jayawardene
SKL de Silva, Lanka de Silva
HMCM Bandara, Malinga Bandara
MRCN Bandaratilleke, Niroshan Bandaratilleke
ASA Perera, Suresh Perera
PDRL Perera, Ruchira Perera
KEA Upashantha, Eric Upashantha
DA Gunawardene, Avishka Gunawardene
UDU Chandana, Upul Chandana
HMRKB Herath, Rangana Herath
SI de Saram, Indika de Saram
TM Dilshan, Tillakaratne Dilshan
IS Gallage, Indika Gallage
CRD Fernando, Dilhara Fernando
HAPW Jayawardene, Prasanna Jayawardene
KC Sangakkara, Kumar Sangakkara
D Hettiarachchi, Dinuka Hettiarachchi
TT Samaraweera, Thilan Samaraweera
MG Vandort, Michael Vandort
TCB Fernando, Charitha Buddhika
WRS de Silva, Sujeewa de Silva
MKGCP Lakshitha, Chamila Gamage
J Mubarak, Jehan Mubarak
MN Nawaz, Naveed Nawaz
KHRK Fernando, Hasantha Fernando
KS Lokuarachchi, Kaushal Lokuarachchi
RAP Nissanka, Prabath Nissanka
T Thushara, Thilan Thushara
KADM Fernando, Dinusha Fernando
MF Maharoof, Farveez Maharoof
SL Malinga, Lasith Malinga
KMDN Kulasekara, Nuwan Kulasekara
S Kalavitigoda, Shantha Kalavitigoda
G Wijekoon, Gayan Wijekoon
WU Tharanga, Upul Tharanga
CK Kapugedera, Chamara Kapugedera
LPC Silva, Chamara Silva
SM Warnapura, Malinda Warnapura
UWMBCA Welegedara, Chanaka Welegedara
MKDI Amerasinghe, Ishara Amerasinghe
BAW Mendis, Ajantha Mendis
KTGD Prasad, Dhammika Prasad
NT Paranavitana, Tharanga Paranavitana
AD Mathews, Angelo Mathews
S Randiv, Suraj Randiv
RAS Lakmal, Suranga Lakmal
NLTC Perera, Thisara Perera
HDRL Thirimanne, Lahiru Thirimanne
S Prasanna, Seekkuge Prasanna
RMS Eranga, Shaminda Eranga
N Pradeep, Nuwan Pradeep
JK Silva, Kaushal Silva
CKB Kulasekara, Kosala Kulasekara
LD Chandimal, Dinesh Chandimal
FDM Karunaratne, Dimuth Karunaratne
KDK Vithanage, Kithuruwan Vithanage
SMSM Senanayake, Sachithra Senanayake
MDK Perera, Dilruwan Perera
N Dickwella, Niroshan Dickwella
PHT Kaushal, Tharindu Kaushal
PVD Chameera, Dushmantha Chameera
MDKJ Perera, Kusal Perera
TAM Siriwardana, Milinda Siriwardana
BKG Mendis, Kusal Mendis
MDUS Jayasundera, Udara Jayasundera
MD Shanaka, Dasun Shanaka
DM de Silva, Dhananjaya de Silva
PADLR Sandakan, Lakshan Sandakan
MVT Fernando, Vishwa Fernando
DAS Gunaratne, Asela Gunaratne
CBRLS Kumara, Lahiru Kumara
MD Gunathilaka, Danushka Gunathilaka
PM Pushpakumara, Malinda Pushpakumara
PLS Gamage, Lahiru Gamage
S Samarawickrama, Sadeera Samarawickrama
ARS Silva, Roshen Silva
A Dananjaya, Akila Dananjaya
CAK Rajitha, Kasun Rajitha
ML Udawatte, Mahela Udawatte
C Karunaratne, Chamika Karunaratne
L Embuldeniya, Lasith Embuldeniya
BOP Fernando, Internal Server Error
KJ Arnott, Kevin Arnott
EA Brandes, Eddo Brandes
MG Burmester, Internal Server Error
Akram Khan, Akram Khan
Al Sahariar, Al Sahariar
Aminul Islam, Aminul Islam
Habibul Bashar, Habibul Bashar
Hasibul Hossain, Hasibul Hossain
Khaled Mashud, Khaled Mashud
Mehrab Hossain, Mehrab Hossain
Mohammad Rafique, Mohammad Rafique
Naimur Rahman, Naimur Rahman
Ranjan Das, Ranjan Das
Shahriar Hossain, Shahriar Hossain
Javed Omar, Javed Omar
Manjural Islam, Manjurul Islam
Mohammad Sharif, Mohammad Sharif
Mushfiqur Rahman, Mushfiqur Rahman
Enamul Haque, Enamul Haque
Mohammad Ashraful, Mohammad Ashraful
Khaled Mahmud, Khaled Mahmud
Mashrafe Mortaza, Mashrafe Mortaza
Sanwar Hossain, Sanwar Hossain
Fahim Muntasir, Fahim Muntasir
Alamgir Kabir, Alamgir Kabir
Ehsanul Haque, Ehsanul Haque
Hannan Sarkar, Hannan Sarkar
Talha Jubair, Talha Jubair
Alok Kapali, Alok Kapali
Tapash Baisya, Tapash Baisya
Tushar Imran, Tushar Imran
Rafiqul Islam, Rafikul Khan
Anwar Hossain, Anwar Hossain
Mohammad Salim, Mohammad Salim
Anwar Hossain Monir, Anwar Hossain Monir
Rajin Saleh, Rajin Saleh
Enamul Haque jnr, Enamul Haque jnr
Manjural Islam Rana, Manzarul Islam
Faisal Hossain, Faisal Hossain
Tareq Aziz, Tareq Aziz
Nafees Iqbal, Nafees Iqbal
Aftab Ahmed, Aftab Ahmed
Nazmul Hossain, Nazmul Hossain
Mushfiqur Rahim, Mushfiqur Rahim
Shahadat Hossain, Shahadat Hossain
Shahriar Nafees, Shahriar Nafees
Syed Rasel, Syed Rasel
Abdur Razzak, Abdur Razzak
Shakib Al Hasan, Shakib Al Hasan
Mehrab Hossain jnr, Mehrab Hossain jnr
Junaid Siddique, Junaid Siddique
Sajedul Islam, Sajedul Islam
Tamim Iqbal, Tamim Iqbal
Naeem Islam, Naeem Islam
Mahbubul Alam, Mahbubul Alam
Imrul Kayes, Imrul Kayes
Raqibul Hasan, Raqibul Hasan
Mahmudullah, Mahmudullah
Rubel Hossain, Rubel Hossain
Shafiul Islam, Shafiul Islam
Jahurul Islam, Jahurul Islam
Robiul Islam, Robiul Islam
Elias Sunny, Elias Sunny
Nasir Hossain, Nasir Hossain
Sohrawordi Shuvo, Sohrawordi Shuvo
Nazimuddin, Nazimuddin
Sohag Gazi, Sohag Gazi
Abul Hasan, Abul Hasan
Anamul Haque, Anamul Haque
Mominul Haque, Mominul Haque
Ziaur Rahman, Ziaur Rahman
Marshall Ayub, Marshall Ayub
Al-Amin Hossain, Al-Amin Hossain
Shamsur Rahman, Shamsur Rahman
Shuvagata Hom, Shuvagata Hom
Taijul Islam, Taijul Islam
Jubair Hossain, Jubair Hossain
Mohammad Shahid, Mohammad Shahid
Soumya Sarkar, Soumya Sarkar
Liton Das, Liton Das
Mustafizur Rahman, Mustafizur Rahman
Kamrul Islam Rabbi, Kamrul Islam
Mehidy Hasan Miraz, Mehidy Hasan Miraz
Sabbir Rahman, Sabbir Rahman
Subashis Roy, Subashis Roy
Taskin Ahmed, Taskin Ahmed
Najmul Hossain Shanto, Najmul Hossain Shanto
Nurul Hasan, Nurul Hasan
Mosaddek Hossain, Mosaddek Hossain
Sunzamul Islam, Sunzamul Islam
Abu Jayed, Abu Jayed
Ariful Haque, Ariful Haque
Nazmul Islam, Nazmul Islam
Mohammad Mithun, Mohammad Mithun
Khaled Ahmed, Khaled Ahmed
Nayeem Hasan, Nayeem Hasan
Shadman Islam, Shadman Islam
Ebadat Hossain, Ebadot Hossain
Saif Hassan, Saif Hassan
Shoriful Islam, Shoriful Islam
Afsar Zazai, Afsar Zazai
Asghar Afghan, Asghar Afghan
Hashmatullah Shahidi, Hashmatullah Shahidi
Javed Ahmadi, Javed Ahmadi
Mohammad Nabi, Mohammad Nabi
Mohammad Shahzad, Mohammad Shahzad
Mujeeb Ur Rahman, Mujeeb Ur Rahman
Rahmat Shah, Rahmat Shah
Rashid Khan, Rashid Khan
Wafadar Momand, Wafadar Momand
Yamin Ahmadzai, Yamin Ahmadzai
Ihsanullah, Ihsanullah
Ikram Alikhil, Ikram Alikhil
Waqar Salamkheil, Waqar Salamkheil
Ibrahim Zadran, Ibrahim Zadran
Qais Ahmad, Qais Ahmad
Zahir Khan, Zahir Khan
Amir Hamza, Amir Hamza
Nasir Jamal, Nasir Jamal
Abdul Malik (1), Abdul Malik
Abdul Wasi, Abdul Wasi
Munir Ahmad, Munir Ahmad
Sayed Shirzad, Sayed Shirzad
Shahidullah, Shahidullah
A Balbirnie, Andy Balbirnie
EC Joyce, Ed Joyce
TE Kane, Tyrone Kane
TJ Murtagh, Tim Murtagh
KJ O'Brien, Kevin O'Brien
NJ O'Brien, Niall O'Brien
WTS Porterfield, William Porterfield
WB Rankin, Boyd Rankin
PR Stirling, Paul Stirling
SR Thompson, Stuart Thompson
GC Wilson, Gary Wilson
J Cameron-Dow, James Cameron-Dow
GH Dockrell, George Dockrell
AR McBrine, Andy McBrine
JA McCollum, James McCollum
SW Poynter, Stuart Poynter
MR Adair, Mark Adair
